mu,sigma,nu,Alpha,B1,B2,B3
0.000000000000000,0.048548108482599,4.598308770798658,0.042634205214848,0.974888855254934,2.041192364452259,3.154801382321449
