ES Absolute,ES Diff from Mean
0.07591515130791276,0.1218555313552669
