VaR Absolute,VaR Diff from Mean
0.04498980338340291,0.09089870937737177
