VaR Absolute,VaR Diff from Mean
0.042038279752674296,0.07652379072450075
