Stock,VaR95,ES95,VaR95_Pct,ES95_Pct
A,94.19998708864946,117.90588209324744,0.04709999354432473,0.05895294104662372
B,108.5879117352569,152.26894955146156,0.036195970578418966,0.05075631651715385
Total,152.0254439753448,198.82778451771406,0.030405088795068962,0.03976555690354281
